motif_id	motif_alt_id	sequence_name	start	stop	strand	score	p-value	q-value	matched_sequence
YTAGGTWTAWHAK	MEME-1	POL_mtDNA_FINAL	51171	51183	-	17.2245	1.13e-07	0.00595	TTAGGTATAATAT
YTAGGTWTAWHAK	MEME-1	POL_mtDNA_FINAL	13595	13607	+	16.5714	5.51e-07	0.0097	TTAGGTATATCAT
YTAGGTWTAWHAK	MEME-1	POL_mtDNA_FINAL	14294	14306	+	16.5714	5.51e-07	0.0097	CTAGGTATATTAT
YTAGGTWTAWHAK	MEME-1	POL_mtDNA_FINAL	14361	14373	+	16.3673	7.59e-07	0.01	TTAGGTTTATTAT
YTAGGTWTAWHAK	MEME-1	POL_mtDNA_FINAL	22056	22068	+	15.9694	1.2e-06	0.0115	TTAGGTATATAAT
YTAGGTWTAWHAK	MEME-1	POL_mtDNA_FINAL	52431	52443	-	15.7857	1.52e-06	0.0115	TTAGGTTTATAAT
YTAGGTWTAWHAK	MEME-1	POL_mtDNA_FINAL	67478	67490	+	15.7857	1.52e-06	0.0115	TTAGGTTTATAAT
YTAGGTWTAWHAK	MEME-1	POL_mtDNA_FINAL	62422	62434	-	15.6531	1.82e-06	0.012	ATAGGTATAATAT
YTAGGTWTAWHAK	MEME-1	POL_mtDNA_FINAL	70040	70052	+	15.5204	2.11e-06	0.0124	TTAGGTATACTAT
YTAGGTWTAWHAK	MEME-1	POL_mtDNA_FINAL	72796	72808	+	15.3878	2.59e-06	0.0137	CTAGGTATTATAT
YTAGGTWTAWHAK	MEME-1	POL_mtDNA_FINAL	43028	43040	-	15.2653	3.2e-06	0.0145	CTAGGTATAATAA
YTAGGTWTAWHAK	MEME-1	POL_mtDNA_FINAL	69076	69088	+	15.2449	3.33e-06	0.0145	TTAGGTATAATAA
YTAGGTWTAWHAK	MEME-1	POL_mtDNA_FINAL	19432	19444	+	14.9796	4.57e-06	0.0145	ATAGGTATATTAT
YTAGGTWTAWHAK	MEME-1	POL_mtDNA_FINAL	24799	24811	+	14.7959	5.4e-06	0.0145	ATAGGTTTATTAT
YTAGGTWTAWHAK	MEME-1	POL_mtDNA_FINAL	3588	3600	-	14.7857	5.5e-06	0.0145	TTAGGTATTAAAT
YTAGGTWTAWHAK	MEME-1	POL_mtDNA_FINAL	16964	16976	-	14.7857	5.5e-06	0.0145	TTAGGTATTAAAT
YTAGGTWTAWHAK	MEME-1	POL_mtDNA_FINAL	17299	17311	-	14.7857	5.5e-06	0.0145	TTAGGTATTAAAT
YTAGGTWTAWHAK	MEME-1	POL_mtDNA_FINAL	72596	72608	-	14.7653	5.64e-06	0.0145	GTAGGCATAATAT
YTAGGTWTAWHAK	MEME-1	POL_mtDNA_FINAL	19672	19684	+	14.6531	6.26e-06	0.0145	TTAGGTATATATT
YTAGGTWTAWHAK	MEME-1	POL_mtDNA_FINAL	73537	73549	+	14.6531	6.26e-06	0.0145	TTAGGTATATATT
YTAGGTWTAWHAK	MEME-1	POL_mtDNA_FINAL	13209	13221	+	14.5918	6.65e-06	0.0145	ATAGGTATATTAG
YTAGGTWTAWHAK	MEME-1	POL_mtDNA_FINAL	3186	3198	-	14.4898	7.21e-06	0.0145	ATAGGCATAATAT
YTAGGTWTAWHAK	MEME-1	POL_mtDNA_FINAL	6509	6521	+	14.4898	7.21e-06	0.0145	ATAGGCATAATAT
YTAGGTWTAWHAK	MEME-1	POL_mtDNA_FINAL	22735	22747	-	14.4694	7.28e-06	0.0145	TTAGGTTTATATT
YTAGGTWTAWHAK	MEME-1	POL_mtDNA_FINAL	40135	40147	+	14.4694	7.28e-06	0.0145	TTAGGTTTATATT
YTAGGTWTAWHAK	MEME-1	POL_mtDNA_FINAL	43163	43175	+	14.4082	7.55e-06	0.0145	ATAGGTTTATTAG
YTAGGTWTAWHAK	MEME-1	POL_mtDNA_FINAL	14172	14184	+	14.398	7.69e-06	0.0145	GTAGGCATAACAG
YTAGGTWTAWHAK	MEME-1	POL_mtDNA_FINAL	43571	43583	-	14.398	7.69e-06	0.0145	ATAGGTATATAAT
YTAGGTWTAWHAK	MEME-1	POL_mtDNA_FINAL	44166	44178	-	14.2857	8.24e-06	0.015	CTAGGTATATATG
YTAGGTWTAWHAK	MEME-1	POL_mtDNA_FINAL	13357	13369	+	14.102	9.85e-06	0.0162	CTAGGTTTATATG
YTAGGTWTAWHAK	MEME-1	POL_mtDNA_FINAL	16395	16407	-	14.102	9.85e-06	0.0162	CTAGGTTTATATG
YTAGGTWTAWHAK	MEME-1	POL_mtDNA_FINAL	48673	48685	+	14.102	9.85e-06	0.0162	TTAGGTATCACAT
YTAGGTWTAWHAK	MEME-1	POL_mtDNA_FINAL	5973	5985	+	14.0816	1.01e-05	0.0162	TTAGGCATAATAA
YTAGGTWTAWHAK	MEME-1	POL_mtDNA_FINAL	26311	26323	+	13.9898	1.1e-05	0.0172	TTAGGTATATAAA
YTAGGTWTAWHAK	MEME-1	POL_mtDNA_FINAL	27628	27640	-	13.949	1.14e-05	0.0172	ATAGGTATACTAT
YTAGGTWTAWHAK	MEME-1	POL_mtDNA_FINAL	1559	1571	-	13.7959	1.32e-05	0.0175	ATAGGTATTATAT
YTAGGTWTAWHAK	MEME-1	POL_mtDNA_FINAL	3897	3909	-	13.7959	1.32e-05	0.0175	ATAGGTATTATAT
YTAGGTWTAWHAK	MEME-1	POL_mtDNA_FINAL	54318	54330	+	13.7959	1.32e-05	0.0175	ATAGGTATTATAT
YTAGGTWTAWHAK	MEME-1	POL_mtDNA_FINAL	70425	70437	+	13.7653	1.35e-05	0.0175	ATAGGTTTACTAT
YTAGGTWTAWHAK	MEME-1	POL_mtDNA_FINAL	6285	6297	+	13.7041	1.4e-05	0.0175	CTAGGTATTCCAT
YTAGGTWTAWHAK	MEME-1	POL_mtDNA_FINAL	66342	66354	-	13.6837	1.44e-05	0.0175	TTAGGTATTACTG
YTAGGTWTAWHAK	MEME-1	POL_mtDNA_FINAL	3221	3233	+	13.6633	1.47e-05	0.0175	TTAGGTATTCTAT
YTAGGTWTAWHAK	MEME-1	POL_mtDNA_FINAL	28900	28912	+	13.6429	1.51e-05	0.0175	CTAGGCATTAAAT
YTAGGTWTAWHAK	MEME-1	POL_mtDNA_FINAL	46214	46226	+	13.6122	1.55e-05	0.0175	ATAGGTTAAATAT
YTAGGTWTAWHAK	MEME-1	POL_mtDNA_FINAL	810	822	+	13.5612	1.59e-05	0.0175	TAAGGTATAATAT
YTAGGTWTAWHAK	MEME-1	POL_mtDNA_FINAL	43946	43958	+	13.5612	1.59e-05	0.0175	TAAGGTATAATAT
YTAGGTWTAWHAK	MEME-1	POL_mtDNA_FINAL	68085	68097	+	13.5612	1.59e-05	0.0175	TAAGGTATAATAT
YTAGGTWTAWHAK	MEME-1	POL_mtDNA_FINAL	68319	68331	-	13.5612	1.59e-05	0.0175	TAAGGTATAATAT
YTAGGTWTAWHAK	MEME-1	POL_mtDNA_FINAL	69986	69998	+	13.4898	1.74e-05	0.0183	ATAGGTTTAATAA
YTAGGTWTAWHAK	MEME-1	POL_mtDNA_FINAL	34828	34840	+	13.4694	1.77e-05	0.0183	TTAGGTATTAATT
YTAGGTWTAWHAK	MEME-1	POL_mtDNA_FINAL	28271	28283	-	13.3878	1.91e-05	0.0183	TTAGGTATTATAA
YTAGGTWTAWHAK	MEME-1	POL_mtDNA_FINAL	62276	62288	-	13.3878	1.91e-05	0.0183	TTAGGTATTATAA
YTAGGTWTAWHAK	MEME-1	POL_mtDNA_FINAL	50010	50022	+	13.3776	1.93e-05	0.0183	ATAGGTTTACTAG
YTAGGTWTAWHAK	MEME-1	POL_mtDNA_FINAL	6825	6837	+	13.3673	1.95e-05	0.0183	ATAGGTATACAAT
YTAGGTWTAWHAK	MEME-1	POL_mtDNA_FINAL	36016	36028	-	13.3469	1.98e-05	0.0183	CTAGGTTATATAT
YTAGGTWTAWHAK	MEME-1	POL_mtDNA_FINAL	4092	4104	+	13.3469	1.98e-05	0.0183	TTAGGTATAAATA
YTAGGTWTAWHAK	MEME-1	POL_mtDNA_FINAL	23437	23449	+	13.3469	1.98e-05	0.0183	TTAGGTATAAATA
YTAGGTWTAWHAK	MEME-1	POL_mtDNA_FINAL	27423	27435	-	13.2551	2.09e-05	0.0183	TTAGGTATATTTA
YTAGGTWTAWHAK	MEME-1	POL_mtDNA_FINAL	41045	41057	-	13.2551	2.09e-05	0.0183	TTAGGTATATTTA
YTAGGTWTAWHAK	MEME-1	POL_mtDNA_FINAL	45019	45031	+	13.2551	2.09e-05	0.0183	TTAGGTATATTTA
YTAGGTWTAWHAK	MEME-1	POL_mtDNA_FINAL	38031	38043	+	13.2347	2.14e-05	0.0183	ATAGGCATATAAT
YTAGGTWTAWHAK	MEME-1	POL_mtDNA_FINAL	61927	61939	+	13.1735	2.25e-05	0.0183	TAAGGTATAATAG
YTAGGTWTAWHAK	MEME-1	POL_mtDNA_FINAL	48088	48100	-	13.1224	2.3e-05	0.0183	ATAGGTATTTTAT
YTAGGTWTAWHAK	MEME-1	POL_mtDNA_FINAL	52348	52360	-	13.1224	2.3e-05	0.0183	ATAGGTATTTTAT
YTAGGTWTAWHAK	MEME-1	POL_mtDNA_FINAL	4432	4444	+	13.0918	2.36e-05	0.0183	TTAGGTTTATCTA
YTAGGTWTAWHAK	MEME-1	POL_mtDNA_FINAL	25138	25150	+	13.0816	2.38e-05	0.0183	ATAGGTATATATT
YTAGGTWTAWHAK	MEME-1	POL_mtDNA_FINAL	51256	51268	+	13.0714	2.4e-05	0.0183	TTAGGTTTATTTA
YTAGGTWTAWHAK	MEME-1	POL_mtDNA_FINAL	14215	14227	+	13.051	2.42e-05	0.0183	TTAGGTTTACATG
YTAGGTWTAWHAK	MEME-1	POL_mtDNA_FINAL	49248	49260	-	13.0408	2.43e-05	0.0183	CTAGGTATCTTAG
YTAGGTWTAWHAK	MEME-1	POL_mtDNA_FINAL	30177	30189	-	13	2.49e-05	0.0183	ATAGGTATATTAA
YTAGGTWTAWHAK	MEME-1	POL_mtDNA_FINAL	6942	6954	-	12.9286	2.62e-05	0.0183	TTAGGTAATAAAT
YTAGGTWTAWHAK	MEME-1	POL_mtDNA_FINAL	14416	14428	+	12.898	2.69e-05	0.0183	TTAGGTTTTAATG
YTAGGTWTAWHAK	MEME-1	POL_mtDNA_FINAL	53646	53658	-	12.8878	2.7e-05	0.0183	TAAGGTATATTAT
YTAGGTWTAWHAK	MEME-1	POL_mtDNA_FINAL	56480	56492	-	12.8878	2.7e-05	0.0183	TAAGGTATATTAT
YTAGGTWTAWHAK	MEME-1	POL_mtDNA_FINAL	63645	63657	-	12.8878	2.7e-05	0.0183	TAAGGTATATTAT
YTAGGTWTAWHAK	MEME-1	POL_mtDNA_FINAL	65770	65782	-	12.8878	2.7e-05	0.0183	TAAGGTATATTAT
YTAGGTWTAWHAK	MEME-1	POL_mtDNA_FINAL	10010	10022	+	12.8878	2.7e-05	0.0183	TAAGGTATATTAT
YTAGGTWTAWHAK	MEME-1	POL_mtDNA_FINAL	50186	50198	+	12.8878	2.7e-05	0.0183	TAAGGTATATTAT
YTAGGTWTAWHAK	MEME-1	POL_mtDNA_FINAL	3981	3993	+	12.8163	2.82e-05	0.0188	ATAGGTTTATTAA
YTAGGTWTAWHAK	MEME-1	POL_mtDNA_FINAL	13516	13528	+	12.7755	2.92e-05	0.0193	CTAGGCTGAACAT
YTAGGTWTAWHAK	MEME-1	POL_mtDNA_FINAL	60812	60824	-	12.6939	3.06e-05	0.0194	GTAGGTATATAAA
YTAGGTWTAWHAK	MEME-1	POL_mtDNA_FINAL	64882	64894	+	12.6939	3.06e-05	0.0194	CTAGGTATATATA
YTAGGTWTAWHAK	MEME-1	POL_mtDNA_FINAL	66159	66171	-	12.6735	3.09e-05	0.0194	TTAGGTATATATA
YTAGGTWTAWHAK	MEME-1	POL_mtDNA_FINAL	71714	71726	+	12.6735	3.09e-05	0.0194	TTAGGTATATATA
YTAGGTWTAWHAK	MEME-1	POL_mtDNA_FINAL	48451	48463	-	12.5408	3.34e-05	0.0202	ATAGGTAAATAAT
YTAGGTWTAWHAK	MEME-1	POL_mtDNA_FINAL	15697	15709	+	12.5408	3.34e-05	0.0202	ATAGGTATTTAAT
YTAGGTWTAWHAK	MEME-1	POL_mtDNA_FINAL	56851	56863	+	12.5102	3.43e-05	0.0202	ATAGGTATCATAT
YTAGGTWTAWHAK	MEME-1	POL_mtDNA_FINAL	68605	68617	+	12.5102	3.43e-05	0.0202	CTAGGTTTATATA
YTAGGTWTAWHAK	MEME-1	POL_mtDNA_FINAL	68019	68031	-	12.5	3.46e-05	0.0202	ATAGGCATATTTT
YTAGGTWTAWHAK	MEME-1	POL_mtDNA_FINAL	72049	72061	-	12.4898	3.47e-05	0.0202	TTAGGTTTATATA
YTAGGTWTAWHAK	MEME-1	POL_mtDNA_FINAL	20146	20158	+	12.4796	3.49e-05	0.0202	ATAGGTATTATTT
YTAGGTWTAWHAK	MEME-1	POL_mtDNA_FINAL	27741	27753	+	12.4184	3.57e-05	0.0204	ATAGGTATATAAA
YTAGGTWTAWHAK	MEME-1	POL_mtDNA_FINAL	29233	29245	-	12.4082	3.58e-05	0.0204	TTAGGTATTTATG
YTAGGTWTAWHAK	MEME-1	POL_mtDNA_FINAL	42034	42046	+	12.3571	3.76e-05	0.0209	ATAGGTATAATTA
YTAGGTWTAWHAK	MEME-1	POL_mtDNA_FINAL	70502	70514	+	12.3571	3.76e-05	0.0209	ATAGGTATAATTA
YTAGGTWTAWHAK	MEME-1	POL_mtDNA_FINAL	9216	9228	-	12.2653	3.96e-05	0.0216	TTAGGTTATTTAG
YTAGGTWTAWHAK	MEME-1	POL_mtDNA_FINAL	13348	13360	-	12.2449	4.04e-05	0.0216	CTAGGCATTATAA
YTAGGTWTAWHAK	MEME-1	POL_mtDNA_FINAL	62513	62525	+	12.2449	4.04e-05	0.0216	TAAGGTATAATTT
YTAGGTWTAWHAK	MEME-1	POL_mtDNA_FINAL	16260	16272	-	12.2347	4.08e-05	0.0216	ATAGGTTTATAAA
YTAGGTWTAWHAK	MEME-1	POL_mtDNA_FINAL	70828	70840	+	12.2347	4.08e-05	0.0216	ATAGGTTTATAAA
YTAGGTWTAWHAK	MEME-1	POL_mtDNA_FINAL	64820	64832	-	12.1939	4.22e-05	0.0221	CTAGGTTTTATCT
YTAGGTWTAWHAK	MEME-1	POL_mtDNA_FINAL	6254	6266	+	12.1735	4.27e-05	0.0221	GGAGGTATAACAG
YTAGGTWTAWHAK	MEME-1	POL_mtDNA_FINAL	38227	38239	+	12.1122	4.45e-05	0.0228	ATAGGTATTACTG
YTAGGTWTAWHAK	MEME-1	POL_mtDNA_FINAL	19004	19016	+	12.0918	4.52e-05	0.023	CTAGGTATTATTA
YTAGGTWTAWHAK	MEME-1	POL_mtDNA_FINAL	23258	23270	+	12.0714	4.59e-05	0.0231	TTAGGTATTATTA
YTAGGTWTAWHAK	MEME-1	POL_mtDNA_FINAL	11573	11585	-	12.0306	4.71e-05	0.0231	CTAGGTTATATTT
YTAGGTWTAWHAK	MEME-1	POL_mtDNA_FINAL	54917	54929	+	12.0306	4.71e-05	0.0231	CTAGGTTATATTT
YTAGGTWTAWHAK	MEME-1	POL_mtDNA_FINAL	12894	12906	-	11.9898	4.82e-05	0.0231	ATAGGTATATCCT
YTAGGTWTAWHAK	MEME-1	POL_mtDNA_FINAL	71988	72000	-	11.9898	4.82e-05	0.0231	AAAGGTATAATAT
YTAGGTWTAWHAK	MEME-1	POL_mtDNA_FINAL	6018	6030	+	11.9898	4.82e-05	0.0231	AAAGGTATAATAT
YTAGGTWTAWHAK	MEME-1	POL_mtDNA_FINAL	30655	30667	-	11.9388	4.99e-05	0.0235	ATAGGTAATATAT
YTAGGTWTAWHAK	MEME-1	POL_mtDNA_FINAL	41794	41806	-	11.9388	4.99e-05	0.0235	ATAGGTAATATAT
YTAGGTWTAWHAK	MEME-1	POL_mtDNA_FINAL	62124	62136	-	11.8776	5.19e-05	0.0239	CAAGGTATACTAT
YTAGGTWTAWHAK	MEME-1	POL_mtDNA_FINAL	27960	27972	-	11.8673	5.22e-05	0.0239	ATAGGTTTACATT
YTAGGTWTAWHAK	MEME-1	POL_mtDNA_FINAL	13958	13970	+	11.8367	5.3e-05	0.0239	TTAGGTAGTATAG
YTAGGTWTAWHAK	MEME-1	POL_mtDNA_FINAL	20283	20295	-	11.8265	5.34e-05	0.0239	TTAGGTAATCCAT
YTAGGTWTAWHAK	MEME-1	POL_mtDNA_FINAL	28319	28331	-	11.8163	5.39e-05	0.0239	ATAGGTATTATAA
YTAGGTWTAWHAK	MEME-1	POL_mtDNA_FINAL	47114	47126	-	11.7857	5.5e-05	0.0239	ATAGGTTTACTAA
YTAGGTWTAWHAK	MEME-1	POL_mtDNA_FINAL	65498	65510	-	11.7755	5.53e-05	0.0239	ATAGGTATAAATA
YTAGGTWTAWHAK	MEME-1	POL_mtDNA_FINAL	65753	65765	-	11.7755	5.53e-05	0.0239	ATAGGTATAAATA
YTAGGTWTAWHAK	MEME-1	POL_mtDNA_FINAL	6052	6064	+	11.7551	5.58e-05	0.0239	ATAGGTTATATAT
YTAGGTWTAWHAK	MEME-1	POL_mtDNA_FINAL	6217	6229	+	11.7551	5.58e-05	0.0239	ATAGGTTATATAT
YTAGGTWTAWHAK	MEME-1	POL_mtDNA_FINAL	47594	47606	+	11.7551	5.58e-05	0.0239	ATAGGTTATATAT
YTAGGTWTAWHAK	MEME-1	POL_mtDNA_FINAL	45787	45799	+	11.7449	5.61e-05	0.0239	CAAGGCATATTAT
YTAGGTWTAWHAK	MEME-1	POL_mtDNA_FINAL	41650	41662	-	11.7041	5.73e-05	0.024	CTAGGTATTCTAA
YTAGGTWTAWHAK	MEME-1	POL_mtDNA_FINAL	72147	72159	+	11.7041	5.73e-05	0.024	TAAGGTAAAATAT
YTAGGTWTAWHAK	MEME-1	POL_mtDNA_FINAL	49085	49097	+	11.6735	5.85e-05	0.0243	TAAGGTTTACTAT
YTAGGTWTAWHAK	MEME-1	POL_mtDNA_FINAL	20829	20841	-	11.6531	5.93e-05	0.0245	ATAGGCTTATTAA
YTAGGTWTAWHAK	MEME-1	POL_mtDNA_FINAL	49322	49334	-	11.6122	6.09e-05	0.0248	TTAGGTAATAATT
YTAGGTWTAWHAK	MEME-1	POL_mtDNA_FINAL	2715	2727	+	11.5306	6.37e-05	0.0248	CTAGGCATATATA
YTAGGTWTAWHAK	MEME-1	POL_mtDNA_FINAL	17743	17755	+	11.5306	6.37e-05	0.0248	TTAGGTAATATAA
YTAGGTWTAWHAK	MEME-1	POL_mtDNA_FINAL	56390	56402	-	11.5204	6.42e-05	0.0248	ATAGGTTTATCTA
YTAGGTWTAWHAK	MEME-1	POL_mtDNA_FINAL	10100	10112	+	11.5204	6.42e-05	0.0248	ATAGGTTTATCTA
YTAGGTWTAWHAK	MEME-1	POL_mtDNA_FINAL	56254	56266	-	11.5102	6.46e-05	0.0248	TTAGGTATCTATT
YTAGGTWTAWHAK	MEME-1	POL_mtDNA_FINAL	10236	10248	+	11.5102	6.46e-05	0.0248	TTAGGTATCTATT
YTAGGTWTAWHAK	MEME-1	POL_mtDNA_FINAL	36185	36197	-	11.5	6.5e-05	0.0248	ATAGGTTTATTTA
YTAGGTWTAWHAK	MEME-1	POL_mtDNA_FINAL	48481	48493	-	11.5	6.5e-05	0.0248	ATAGGTTTATTTA
YTAGGTWTAWHAK	MEME-1	POL_mtDNA_FINAL	37878	37890	-	11.4898	6.52e-05	0.0248	TTAGGTATTAATA
YTAGGTWTAWHAK	MEME-1	POL_mtDNA_FINAL	40901	40913	-	11.4898	6.52e-05	0.0248	TTAGGTATTAATA
YTAGGTWTAWHAK	MEME-1	POL_mtDNA_FINAL	4270	4282	-	11.3673	6.97e-05	0.0263	CTAGGTTATATAA
YTAGGTWTAWHAK	MEME-1	POL_mtDNA_FINAL	70018	70030	+	11.3469	7.03e-05	0.0264	TTAGGTTATATAA
YTAGGTWTAWHAK	MEME-1	POL_mtDNA_FINAL	39481	39493	+	11.3163	7.14e-05	0.0266	AAAGGTATATTAT
YTAGGTWTAWHAK	MEME-1	POL_mtDNA_FINAL	18489	18501	+	11.2857	7.22e-05	0.0267	GGAGGTATATAAT
YTAGGTWTAWHAK	MEME-1	POL_mtDNA_FINAL	65397	65409	-	11.2347	7.4e-05	0.0269	ATAGGTATTAAAA
YTAGGTWTAWHAK	MEME-1	POL_mtDNA_FINAL	9566	9578	-	11.2245	7.44e-05	0.0269	ATAGGTATTTATT
YTAGGTWTAWHAK	MEME-1	POL_mtDNA_FINAL	37761	37773	-	11.2245	7.44e-05	0.0269	ATAGGTATTTATT
YTAGGTWTAWHAK	MEME-1	POL_mtDNA_FINAL	61884	61896	+	11.1735	7.62e-05	0.0274	ATAGGTTATAAAT
YTAGGTWTAWHAK	MEME-1	POL_mtDNA_FINAL	30943	30955	-	11.1224	7.77e-05	0.0275	TTAGGTATCTATG
YTAGGTWTAWHAK	MEME-1	POL_mtDNA_FINAL	68748	68760	-	11.1224	7.77e-05	0.0275	TAAGGTATTAAAT
YTAGGTWTAWHAK	MEME-1	POL_mtDNA_FINAL	29510	29522	-	11.102	7.86e-05	0.0275	ATAGGTATATATA
YTAGGTWTAWHAK	MEME-1	POL_mtDNA_FINAL	7261	7273	+	11.102	7.86e-05	0.0275	ATAGGTATATATA
YTAGGTWTAWHAK	MEME-1	POL_mtDNA_FINAL	45058	45070	+	11.0306	8.14e-05	0.0283	TAAGGTATTTTAT
YTAGGTWTAWHAK	MEME-1	POL_mtDNA_FINAL	18847	18859	-	10.9898	8.28e-05	0.0284	TAAGGTATATATT
YTAGGTWTAWHAK	MEME-1	POL_mtDNA_FINAL	6316	6328	+	10.9592	8.4e-05	0.0284	CTAGGTAATTATT
YTAGGTWTAWHAK	MEME-1	POL_mtDNA_FINAL	42669	42681	-	10.9184	8.62e-05	0.0284	TTAGGTTAATACT
YTAGGTWTAWHAK	MEME-1	POL_mtDNA_FINAL	43415	43427	-	10.9184	8.62e-05	0.0284	ATAGGTTTATATA
YTAGGTWTAWHAK	MEME-1	POL_mtDNA_FINAL	12970	12982	+	10.9184	8.62e-05	0.0284	ATAGGTTTATATA
YTAGGTWTAWHAK	MEME-1	POL_mtDNA_FINAL	24647	24659	+	10.9184	8.62e-05	0.0284	ATAGGTTTATATA
YTAGGTWTAWHAK	MEME-1	POL_mtDNA_FINAL	24675	24687	+	10.9184	8.62e-05	0.0284	ATAGGTTTATATA
YTAGGTWTAWHAK	MEME-1	POL_mtDNA_FINAL	57951	57963	+	10.9184	8.62e-05	0.0284	ATAGGTTTATATA
YTAGGTWTAWHAK	MEME-1	POL_mtDNA_FINAL	36452	36464	+	10.9082	8.66e-05	0.0284	TAAGGTATATTAA
YTAGGTWTAWHAK	MEME-1	POL_mtDNA_FINAL	23573	23585	-	10.8367	8.91e-05	0.0285	CTAGGTATTTATA
YTAGGTWTAWHAK	MEME-1	POL_mtDNA_FINAL	29606	29618	-	10.8367	8.91e-05	0.0285	ATAGGTAAATATG
YTAGGTWTAWHAK	MEME-1	POL_mtDNA_FINAL	30766	30778	+	10.8367	8.91e-05	0.0285	ATAGGTAAATATG
YTAGGTWTAWHAK	MEME-1	POL_mtDNA_FINAL	38841	38853	+	10.8367	8.91e-05	0.0285	ATAGGTATTTATG
YTAGGTWTAWHAK	MEME-1	POL_mtDNA_FINAL	24042	24054	-	10.8163	9e-05	0.0285	TTAGGTATTTATA
YTAGGTWTAWHAK	MEME-1	POL_mtDNA_FINAL	22220	22232	+	10.8163	9e-05	0.0285	TTAGGTATTTATA
YTAGGTWTAWHAK	MEME-1	POL_mtDNA_FINAL	15646	15658	-	10.7551	9.28e-05	0.0292	TTAGGTTATTATT
YTAGGTWTAWHAK	MEME-1	POL_mtDNA_FINAL	13012	13024	+	10.7245	9.41e-05	0.0294	TAAGGTTTATTAA
YTAGGTWTAWHAK	MEME-1	POL_mtDNA_FINAL	40383	40395	+	10.6327	9.87e-05	0.0303	TTAGGTTAATATA
YTAGGTWTAWHAK	MEME-1	POL_mtDNA_FINAL	19913	19925	-	10.6224	9.93e-05	0.0303	ATAGGTAATATTT
YTAGGTWTAWHAK	MEME-1	POL_mtDNA_FINAL	73778	73790	-	10.6224	9.93e-05	0.0303	ATAGGTAATATTT
YTAGGTWTAWHAK	MEME-1	POL_mtDNA_FINAL	67402	67414	+	10.6224	9.93e-05	0.0303	ATAGGTAATATTT

# FIMO (Find Individual Motif Occurrences): Version 5.3.0 compiled on Jan 25 2021 at 16:41:35
# The format of this file is described at http://meme-suite.org/doc/fimo-output-format.html.
# fimo -oc Pols_frameshifts.fimo frameshifts.meme/meme.txt Pols_mt.fna
